Event Name,Date,Location,Type,Region,Website,Latitude,Longitude,ShortForecast
Aryana Leon,1/25/2024,Barboza,Music,Capitol Hill / Central District,https://visitseattle.org/events/aryana-leon/,-13.248885,-41.0275842,Weather API response code: 404
Colorworks,1/25/2024,Nectar Lounge,Music,Fremont / Ballard,https://visitseattle.org/events/colorworks/,47.6523876,-122.3538541520202,Chance Light Rain
Dar Williams,1/25/2024,The Neptune Theatre,Music,University District,https://visitseattle.org/events/dar-williams/,N/A,N/A,N/A
Deb Perelman,1/25/2024,Town Hall Seattle,Readings & Lectures,Downtown,https://visitseattle.org/events/deb-perelman/,47.6090191,-122.32993774092222,Chance Light Rain
Emanuel Brown,1/25/2024,Chop Suey,Music,Capitol Hill / Central District,https://visitseattle.org/events/emanuel-brown/,-38.1828956,176.2929559,Weather API response code: 404
James Miles,1/25/2024,Town Hall Seattle,Readings & Lectures,Downtown,https://visitseattle.org/events/james-miles/,47.6090191,-122.32993774092222,Chance Light Rain
Madeline Pendleton,1/25/2024,Elliott Bay Book Company,Readings & Lectures,Capitol Hill / Central District,https://visitseattle.org/events/madeline-pendleton/,47.6146657,-122.319677,Chance Light Rain
October London,1/25/2024,The Showbox,Music,Downtown,https://visitseattle.org/events/october-london/,47.6085136,-122.3394726,Chance Light Rain
Tacoma Stars vs. Empire Strykers,1/25/2024,accesso ShoWare Center,Sports,South,https://visitseattle.org/events/tacoma-stars-vs-empire-strykers/,47.38765995,-122.24000381780328,Chance Light Rain
Dungeons and Drag Queens,1/26/2024,The Crocodile,Theatre,Downtown,https://visitseattle.org/events/dungeons-and-drag-queens/,47.6146474,-122.3490734,Rain
Global Rhythms: Yungchen Lhamo,1/26/2024,Town Hall Seattle,Music,Downtown,https://visitseattle.org/events/global-rhythms-yungchen-lhamo/,47.6090191,-122.32993774092222,Rain
Harlem Globetrotters 2024 World Tour –,1/26/2024,accesso ShoWare Center,Sports,South,https://visitseattle.org/events/harlem-globetrotters-2024-world-tour/,47.38765995,-122.24000381780328,Rain
Seattle Kraken vs. St. Louis Blues,1/26/2024,Climate Pledge Arena,Sports,Queen Anne / Seattle Center,https://visitseattle.org/events/seattle-kraken-vs-st-louis-blues/,47.6219014,-122.353990491486,Rain
Shelf Nunny,1/26/2024,Barboza,Music,Capitol Hill / Central District,https://visitseattle.org/events/shelf-nunny/,-13.248885,-41.0275842,Weather API response code: 404
Super Diamond – The Neil Diamond Tribute Band,1/26/2024,The Showbox,Music,Downtown,https://visitseattle.org/events/super-diamond-the-neil-diamond-tribute-band/,47.6085136,-122.3394726,Rain
The Disorderlies,1/26/2024,Slim's Last Chance,Music,South Seattle,https://visitseattle.org/events/the-disorderlies-2/,47.5524903,-122.33389967462686,Rain
Compania Nacional de Danza,Now through 1/27/2024,Meany Center for the Performing Arts,Dance,University District,https://visitseattle.org/events/compania-nacional-de-danza/,N/A,N/A,N/A
Metropolis,Now through 1/27/2024,Benaroya Hall,Music,Downtown,https://visitseattle.org/events/metropolis/,47.60811665,-122.33697040702705,Light Rain
Andy Coe Band,Now through 1/27/2024,Nectar Lounge,Music,Fremont / Ballard,https://visitseattle.org/events/andy-coe-band/,47.6523876,-122.3538541520202,Light Rain
Harlem Globetrotters,1/27/2024,Climate Pledge Arena,Sports,Queen Anne / Seattle Center,https://visitseattle.org/events/harlem-globetrotters/,47.6219014,-122.353990491486,Light Rain
Seattle Thunderbirds vs. Everett Silvertips,1/27/2024,accesso ShoWare Center,Sports,South,https://visitseattle.org/events/seattle-thunderbirds-vs-everett-silvertips-2/,47.38765995,-122.24000381780328,Rain
The Budos Band,1/27/2024,The Showbox,Music,Downtown,https://visitseattle.org/events/the-budos-band/,47.6085136,-122.3394726,Light Rain
The Human Family,1/27/2024,Opera Center,Music,Queen Anne / Seattle Center,https://visitseattle.org/events/the-human-family/,44.43358325,26.079138268508792,Weather API response code: 404
Steinunn Porarinsdottir: Wayfinders,Now through 1/28/2024,National Nordic Museum,Museums,Fremont / Ballard,https://visitseattle.org/events/steinunn-porarinsdottir-wayfinders/,47.6683615,-122.39177949359151,Light Rain
Hanako O’Leary: Izanami,Now through 1/28/2024,Frye Art Museum,Museums,Capitol Hill / Central District,https://visitseattle.org/events/hanako-oleary-izanami/,47.60719095,-122.32405377084555,Light Rain
Gage Alumni Show,Now through 1/28/2024,Fountainhead Gallery,Visual Arts & Galleries,Queen Anne / Seattle Center,https://visitseattle.org/events/gage-alumni-show/,28.1110963,-80.6740045,Chance Rain Showers
Bohemia,Now through 1/28/2024,The Triple Door,Theatre,Downtown,https://visitseattle.org/events/bohemia/,47.6086439,-122.337685,Light Rain
Lee Ritenour and Dave Grusin,Now through 1/28/2024,Dimitriou's Jazz Alley,Music,Downtown,https://visitseattle.org/events/lee-ritenour-and-dave-grusin/,47.6148163,-122.339691,Light Rain
Celebrate Asia,1/28/2024,Benaroya Hall,Music,Downtown,https://visitseattle.org/events/celebrate-asia/,47.60811665,-122.33697040702705,Light Rain
Family Day with Birds Connect Seattle,1/28/2024,National Nordic Museum,Museums,Fremont / Ballard,https://visitseattle.org/events/family-day-with-birds-connect-seattle/,47.6683615,-122.39177949359151,Light Rain
Seattle Kraken vs. Columbus Blue Jackets,1/28/2024,Climate Pledge Arena,Sports,Queen Anne / Seattle Center,https://visitseattle.org/events/seattle-kraken-vs-columbus-blue-jackets/,47.6219014,-122.353990491486,Light Rain
Tacoma Stars vs. San Diego Sockers,1/28/2024,accesso ShoWare Center,Sports,South,https://visitseattle.org/events/tacoma-stars-vs-san-diego-sockers-3/,47.38765995,-122.24000381780328,Light Rain
Adira Sharkey,1/29/2024,Tractor Tavern,Music,Fremont / Ballard,https://visitseattle.org/events/adira-sharkey/,47.6657081,-122.38280295082915,Light Rain Likely
"Car, The Garden",1/29/2024,The Crocodile,Music,Downtown,https://visitseattle.org/events/car-the-garden/,47.6146474,-122.3490734,Light Rain Likely
Cheryl Wheeler,1/30/2024,The Triple Door,Music,Downtown,https://visitseattle.org/events/cheryl-wheeler/,47.6086439,-122.337685,Light Rain Likely
Giantish,1/30/2024,High Dive,Music,Fremont / Ballard,https://visitseattle.org/events/giantish/,41.7111625,-93.6318959,Mostly Sunny
Seattle Thunderbirds vs. Prince George Cougars,1/30/2024,accesso ShoWare Center,Sports,South,https://visitseattle.org/events/seattle-thunderbirds-vs-prince-george-cougars-2/,47.38765995,-122.24000381780328,Light Rain Likely
A/political Rocks,Now through 1/31/2024,Henry Art Gallery,Museums,University District,https://visitseattle.org/events/a-political-rocks/,47.6565246,-122.31173279895636,Light Rain
Sophia Al-Maria,Now through 1/31/2024,Henry Art Gallery,Museums,University District,https://visitseattle.org/events/sophia-al-maria/,47.6565246,-122.31173279895636,Light Rain
Jahari Stampley,1/30/2024 through 1/31/2024,Dimitriou's Jazz Alley,Music,Downtown,https://visitseattle.org/events/jahari-stampley/,47.6148163,-122.339691,Light Rain
FRAKTURED: Home of the Broken Beat,1/31/2024,High Dive,Music,Fremont / Ballard,https://visitseattle.org/events/fraktured-home-of-the-broken-beat/,41.7111625,-93.6318959,Mostly Sunny
G3- 25th Anniversary reunion,1/31/2024,The Moore Theatre,Music,Downtown,https://visitseattle.org/events/g3-25th-anniversary-reunion/,42.2896932,-83.7207314,Mostly Cloudy
JP Saxe,1/31/2024,The Showbox,Music,Downtown,https://visitseattle.org/events/jp-saxe/,47.6085136,-122.3394726,Light Rain
Los Lobos,1/31/2024,The Triple Door,Music,Downtown,https://visitseattle.org/events/los-lobos/,47.6086439,-122.337685,Light Rain
BabyTron,2/1/2024,The Showbox,Music,Downtown,https://visitseattle.org/events/babytron/,47.6085136,-122.3394726,Weather forecast not found for specific date
Catalyzing Change with Akuyea Karen Vargas,2/1/2024,Bainbridge Island Museum of Art,Readings & Lectures,West,https://visitseattle.org/events/catalyzing-change-with-akuyea-karen-vargas/,47.6251322,-122.51453295865404,Weather forecast not found for specific date
Jamila Woods,2/1/2024,Neumos,Music,Capitol Hill / Central District,https://visitseattle.org/events/jamila-woods/,47.613954,-122.3196108,Weather forecast not found for specific date
Jazz is Dead: Blue Note 85,2/1/2024,The Neptune Theatre,Music,University District,https://visitseattle.org/events/jazz-is-dead-blue-note-85/,N/A,N/A,N/A
Michelle Cann,2/1/2024,Meany Center for the Performing Arts,Music,University District,https://visitseattle.org/events/michelle-cann/,N/A,N/A,N/A
Pakt,2/1/2024,Funhouse,Music,Capitol Hill / Central District,https://visitseattle.org/events/pakt/,43.6576535,-72.2840663,Mostly Cloudy
Erik Walters,2/2/2024,Barboza,Music,Capitol Hill / Central District,https://visitseattle.org/events/erik-walters/,-13.248885,-41.0275842,Weather API response code: 404
Memoir,2/2/2024,Benaroya Hall,Music,Downtown,https://visitseattle.org/events/memoir/,47.60811665,-122.33697040702705,Weather forecast not found for specific date
Nora En Pure,2/2/2024,Showbox SoDo,Music,Pioneer Square,https://visitseattle.org/events/nora-en-pure/,47.5880461,-122.333928,Weather forecast not found for specific date
Poolside,2/2/2024,The Showbox,Music,Downtown,https://visitseattle.org/events/poolside/,47.6085136,-122.3394726,Weather forecast not found for specific date
Tacoma Stars vs. Monterrey Flash,2/2/2024,accesso ShoWare Center,Sports,South,https://visitseattle.org/events/tacoma-stars-vs-monterrey-flash/,47.38765995,-122.24000381780328,Weather forecast not found for specific date
Jaha Koo: The History of Korean Western Theatre,2/1/2024 through 2/3/2024,On The Boards,Theatre,Queen Anne / Seattle Center,https://visitseattle.org/events/jaha-koo-the-history-of-korean-western-theatre/,50.2622955,-5.0548053,Weather API response code: 404
The Winds: Medley of Emotions,2/2/2024 through 2/3/2024,Benaroya Hall,Music,Downtown,https://visitseattle.org/events/the-winds-medley-of-emotions/,47.60811665,-122.33697040702705,Weather forecast not found for specific date
All Will Suffer,2/3/2024,Funhouse,Music,Capitol Hill / Central District,https://visitseattle.org/events/all-will-suffer/,43.6576535,-72.2840663,Weather forecast not found for specific date
Cold War Kids – 20 Years Tour,2/3/2024,The Moore Theatre,Music,Downtown,https://visitseattle.org/events/cold-war-kids-20-years-tour/,42.2896932,-83.7207314,Weather forecast not found for specific date
Mau P,2/3/2024,The Showbox,Music,Downtown,https://visitseattle.org/events/mau-p/,47.6085136,-122.3394726,Weather forecast not found for specific date
Randy Rainbow for President,2/3/2024,The Paramount Theatre,Theatre,Downtown,https://visitseattle.org/events/randy-rainbow-for-president/,40.8697559,-73.42561952873208,Weather forecast not found for specific date
The Delta Bombers,2/3/2024,El Corazon,Music,Downtown,https://visitseattle.org/events/the-delta-bombers/,-5.2464353,-78.9699948,Weather API response code: 404
Seattle Chamber Music Winter Festival,Now through 2/4/2024,Benaroya Hall,Music,Downtown,https://visitseattle.org/events/seattle-chamber-music-winter-festival/,47.60811665,-122.33697040702705,Weather forecast not found for specific date
Beethoven Emperor Concerto,2/1/2024 through 2/4/2024,Benaroya Hall,Music,Downtown,https://visitseattle.org/events/beethoven-emperor-concerto/,47.60811665,-122.33697040702705,Weather forecast not found for specific date
Sergio Mendes,2/1/2024 through 2/4/2024,Dimitriou's Jazz Alley,Music,Downtown,https://visitseattle.org/events/sergio-mendes/,47.6148163,-122.339691,Weather forecast not found for specific date
Daniel Tiger’s Neighborhood,2/4/2024,The Paramount Theatre,Theatre,Downtown,https://visitseattle.org/events/daniel-tigers-neighborhood/,40.8697559,-73.42561952873208,Weather forecast not found for specific date
Lil Skies,2/4/2024,The Showbox,Music,Downtown,https://visitseattle.org/events/lil-skies/,47.6085136,-122.3394726,Weather forecast not found for specific date
Criminal,2/5/2024,The Moore Theatre,Theatre,Downtown,https://visitseattle.org/events/criminal/,42.2896932,-83.7207314,Weather forecast not found for specific date
Neck Deep,2/5/2024,Showbox SoDo,Music,Pioneer Square,https://visitseattle.org/events/neck-deep/,47.5880461,-122.333928,Weather forecast not found for specific date
Kazu Kibuishi with Donna Barba Higuera,2/6/2024,Town Hall Seattle,Readings & Lectures,Downtown,https://visitseattle.org/events/kazu-kibuishi-with-donna-barba-higuera/,47.6090191,-122.32993774092222,Weather forecast not found for specific date
Night Lovell,2/6/2024,The Showbox,Music,Downtown,https://visitseattle.org/events/night-lovell/,47.6085136,-122.3394726,Weather forecast not found for specific date
Soja,2/6/2024,The Neptune Theatre,Music,University District,https://visitseattle.org/events/soja/,N/A,N/A,N/A
Kenny Barron Trio,2/6/2024 through 2/7/2024,Dimitriou's Jazz Alley,Music,Downtown,https://visitseattle.org/events/kenny-barron-trio/,47.6148163,-122.339691,Weather forecast not found for specific date
Tamara Payne: The Life and Legacy of Malcolm X,2/7/2024,Town Hall Seattle,Readings & Lectures,Downtown,https://visitseattle.org/events/tamara-payne-the-life-and-legacy-of-malcolm-x/,47.6090191,-122.32993774092222,Weather forecast not found for specific date
The Kills,2/7/2024,Showbox SoDo,Music,Pioneer Square,https://visitseattle.org/events/the-kills/,47.5880461,-122.333928,Weather forecast not found for specific date
An Evening with Tina Campt: Black Feminist Visual Culture,2/8/2024,Town Hall Seattle,Readings & Lectures,Downtown,https://visitseattle.org/events/an-evening-with-tina-campt-black-feminist-visual-culture/,47.6090191,-122.32993774092222,Weather forecast not found for specific date
Art and Transformation,2/8/2024,Bainbridge Island Museum of Art,Readings & Lectures,West,https://visitseattle.org/events/art-and-transformation/,47.6251322,-122.51453295865404,Weather forecast not found for specific date
Eric Bellinger,2/8/2024,The Showbox,Music,Downtown,https://visitseattle.org/events/eric-bellinger/,47.6085136,-122.3394726,Weather forecast not found for specific date
Futurebirds and Nude Party,2/8/2024,The Neptune Theatre,Music,University District,https://visitseattle.org/events/futurebirds-and-nude-party/,N/A,N/A,N/A
Ilana Glazer Live,2/8/2024,The Moore Theatre,Theatre,Downtown,https://visitseattle.org/events/ilana-glazer-live/,42.2896932,-83.7207314,Weather forecast not found for specific date
Mister Blank,2/8/2024,Nectar Lounge,Music,Fremont / Ballard,https://visitseattle.org/events/mister-blank/,47.6523876,-122.3538541520202,Weather forecast not found for specific date
The Thorn,2/8/2024 through 2/9/2024,The Paramount Theatre,Theatre,Downtown,https://visitseattle.org/events/the-thorn/,40.8697559,-73.42561952873208,Weather forecast not found for specific date
Barry Can’t Swim,2/9/2024,Neumos,Music,Capitol Hill / Central District,https://visitseattle.org/events/barry-cant-swim/,47.613954,-122.3196108,Weather forecast not found for specific date
Dark Star Orchestra,2/9/2024,The Showbox,Music,Downtown,https://visitseattle.org/events/dark-star-orchestra/,47.6085136,-122.3394726,Weather forecast not found for specific date
Gov’t Mule,2/9/2024,The Moore Theatre,Music,Downtown,https://visitseattle.org/events/govt-mule/,42.2896932,-83.7207314,Weather forecast not found for specific date
Mayer Hawthorne,2/9/2024,The Neptune Theatre,Music,University District,https://visitseattle.org/events/mayer-hawthorne/,N/A,N/A,N/A
Moontricks,2/9/2024,The Crocodile,Music,Downtown,https://visitseattle.org/events/moontricks/,47.6146474,-122.3490734,Weather forecast not found for specific date
OBOE / OBOE,2/9/2024,415 Westlake,Music,Queen Anne / Seattle Center,https://visitseattle.org/events/oboe-oboe/,47.622554,-122.3386578,Weather forecast not found for specific date
Seattle Boat Show,2/2/2024 through 2/10/2024,Lumen Field,Festivals & Special Events,Pioneer Square,https://visitseattle.org/events/seattle-boat-show/,47.5953459,-122.33164431196111,Weather forecast not found for specific date
Randall Goosby Plays Mozart,2/8/2024 through 2/10/2024,Benaroya Hall,Music,Downtown,https://visitseattle.org/events/randall-goosby-plays-mozart/,47.60811665,-122.33697040702705,Weather forecast not found for specific date
Art by Design,2/9/2024 through 2/10/2024,Seattle Design Center,Visual Arts & Galleries,Downtown,https://visitseattle.org/events/art-by-design/,47.55148885,-122.32828666347223,Weather forecast not found for specific date
Brazilian Carnaval 2024,2/10/2024,The Crocodile,Music,Downtown,https://visitseattle.org/events/brazilian-carnaval-2024/,47.6146474,-122.3490734,Weather forecast not found for specific date
Chase Rice,2/10/2024,Showbox SoDo,Music,Pioneer Square,https://visitseattle.org/events/chase-rice/,47.5880461,-122.333928,Weather forecast not found for specific date
Joe “Mr. D”  Dombrowski,2/10/2024,The Moore Theatre,Theatre,Downtown,https://visitseattle.org/events/joe-mr-d-dombrowski/,42.2896932,-83.7207314,Weather forecast not found for specific date
JVNA,2/10/2024,The Showbox,Music,Downtown,https://visitseattle.org/events/jvna/,47.6085136,-122.3394726,Weather forecast not found for specific date
The Temptations &  The Four Tops,2/10/2024,The Paramount Theatre,Music,Downtown,https://visitseattle.org/events/the-temptations-the-four-tops/,40.8697559,-73.42561952873208,Weather forecast not found for specific date
Quixote Nuevo,Now through 2/11/2024,Seattle Rep,Theatre,Queen Anne / Seattle Center,https://visitseattle.org/events/quixote-nuevo/,47.6145597,-122.3285576,Weather forecast not found for specific date
Kent Stowell’s Swan Lake,2/2/2024 through 2/11/2024,Marion Oliver McCaw Hall,Dance,Queen Anne / Seattle Center,https://visitseattle.org/events/kent-stowells-swan-lake/,47.62397705,-122.35038850536958,Weather forecast not found for specific date
Blood Sweat  and Tears,2/8/2024 through 2/11/2024,Dimitriou's Jazz Alley,Music,Downtown,https://visitseattle.org/events/blood-sweat-and-tears/,47.6148163,-122.339691,Weather forecast not found for specific date
Love at the Zoo,2/10/2024 through 2/11/2024,Point Defiance Zoo and Aquarium,Festivals & Special Events,South,https://visitseattle.org/events/love-at-the-zoo/,47.3049439,-122.52137750626918,Weather forecast not found for specific date
Scott Bradlee’s Postmodern Jukebox,2/11/2024,The Paramount Theatre,Music,Downtown,https://visitseattle.org/events/scott-bradlees-postmodern-jukebox/,40.8697559,-73.42561952873208,Weather forecast not found for specific date
Tourist and Amtrac,2/11/2024,The Showbox,Music,Downtown,https://visitseattle.org/events/tourist-and-amtrac/,47.6085136,-122.3394726,Weather forecast not found for specific date
Eliades Ochoa,2/13/2024,The Moore Theatre,Music,Downtown,https://visitseattle.org/events/eliades-ochoa/,42.2896932,-83.7207314,Weather forecast not found for specific date
K. Wayne Yang,2/13/2024,Town Hall Seattle,Readings & Lectures,Downtown,https://visitseattle.org/events/k-wayne-yang/,47.6090191,-122.32993774092222,Weather forecast not found for specific date
Maddie Zahm,2/15/2024,The Neptune Theatre,Music,University District,https://visitseattle.org/events/maddie-zahm/,N/A,N/A,N/A
Cory Wong Winter 2024 Tour,2/16/2024,The Paramount Theatre,Music,Downtown,https://visitseattle.org/events/cory-wong-winter-2024-tour/,40.8697559,-73.42561952873208,Weather forecast not found for specific date
Circa:Humans 2.0,2/15/2024 through 2/17/2024,Meany Center for the Performing Arts,Theatre,University District,https://visitseattle.org/events/circahumans-2-0/,N/A,N/A,N/A
Jon Batiste,2/17/2024,The Paramount Theatre,Music,Downtown,https://visitseattle.org/events/jon-batiste/,40.8697559,-73.42561952873208,Weather forecast not found for specific date
TobyMac Hits Deep 2024,2/17/2024,accesso ShoWare Center,Music,South,https://visitseattle.org/events/tobymac-hits-deep-2024/,47.38765995,-122.24000381780328,Weather forecast not found for specific date
A Case for the Existence of God,2/2/2024 through 2/18/2024,ACT Theatre,Theatre,Downtown,https://visitseattle.org/events/a-case-for-the-existence-of-god/,47.6108495,-122.3323262,Weather forecast not found for specific date
Northwest Flower & Garden Festival,2/14/2024 through 2/18/2024,Seattle Convention Center,Festivals & Special Events,Downtown,https://visitseattle.org/events/northwest-flower-garden-festival/,47.61175385,-122.33156275066185,Weather forecast not found for specific date
The Princess Bride in Concert with the Seattle Symphony,2/14/2024 through 2/18/2024,Benaroya Hall,Music,Downtown,https://visitseattle.org/events/the-princess-bride-in-concert-with-the-seattle-symphony/,47.60811665,-122.33697040702705,Weather forecast not found for specific date
Mindi Abair Wine and Jazz Tour 2024,2/15/2024 through 2/18/2024,Dimitriou's Jazz Alley,Music,Downtown,https://visitseattle.org/events/mindi-abair-wine-and-jazz-tour-2024/,47.6148163,-122.339691,Weather forecast not found for specific date
Madonna,2/17/2024 through 2/18/2024,Climate Pledge Arena,Music,Queen Anne / Seattle Center,https://visitseattle.org/events/madonna/,47.6219014,-122.353990491486,Weather forecast not found for specific date
"Meet the Author: Maggie Taft, The Chieftain and the Chair",2/18/2024,National Nordic Museum,Museums,Fremont / Ballard,https://visitseattle.org/events/meet-the-author-maggie-taft-the-chieftain-and-the-chair/,47.6683615,-122.39177949359151,Weather forecast not found for specific date
Seattle Kraken vs. Detroit Red Wings,2/19/2024,Climate Pledge Arena,Sports,Queen Anne / Seattle Center,https://visitseattle.org/events/seattle-kraken-vs-detroit-red-wings/,47.6219014,-122.353990491486,Weather forecast not found for specific date
From Mozart to Matthews,2/20/2024,Benaroya Hall,Music,Downtown,https://visitseattle.org/events/from-mozart-to-matthews/,47.60811665,-122.33697040702705,Weather forecast not found for specific date
Lukas Nelson,2/20/2024,The Showbox,Music,Downtown,https://visitseattle.org/events/lukas-nelson/,47.6085136,-122.3394726,Weather forecast not found for specific date
Mahogany – smARTfilms: Black Luxury,2/20/2024,Bainbridge Island Museum of Art,Film & Media Arts,West,https://visitseattle.org/events/mahogany-smartfilms-black-luxury/,47.6251322,-122.51453295865404,Weather forecast not found for specific date
"Wu Han, Philip Setzer & David Finckel",2/20/2024,Meany Center for the Performing Arts,Music,University District,https://visitseattle.org/events/wu-han-philip-setzer-david-finckel/,N/A,N/A,N/A
The Cookers,2/20/2024 through 2/21/2024,Dimitriou's Jazz Alley,Music,Downtown,https://visitseattle.org/events/the-cookers/,47.6148163,-122.339691,Weather forecast not found for specific date
Side-by-Side with Seattle Youth Symphony Orchestra,2/21/2024,Benaroya Hall,Music,Downtown,https://visitseattle.org/events/side-by-side-with-seattle-youth-symphony-orchestra/,47.60811665,-122.33697040702705,Weather forecast not found for specific date
Seattle Kraken vs. Vancouver Canucks,2/22/2024,Climate Pledge Arena,Sports,Queen Anne / Seattle Center,https://visitseattle.org/events/seattle-kraken-vs-vancouver-canucks/,47.6219014,-122.353990491486,Weather forecast not found for specific date
Funky Friday with F2D,Now through 2/23/2024,Sea Monster Lounge,Music,Wallingford / Greenlake,https://visitseattle.org/events/funky-friday-with-f2d/,47.6615049,-122.332319,Weather forecast not found for specific date
BLACKSTAR SYMPHONY: The Music of David Bowie,2/23/2024,Benaroya Hall,Music,Downtown,https://visitseattle.org/events/blackstar-symphony-the-music-of-david-bowie/,47.60811665,-122.33697040702705,Weather forecast not found for specific date
Opera Talk: The Making of X,2/23/2024,Opera Center,Readings & Lectures,Queen Anne / Seattle Center,https://visitseattle.org/events/opera-talk-the-making-of-x/,44.43358325,26.079138268508792,"Error fetching weather data: HTTPSConnectionPool(host='api.weather.gov', port=443): Read timed out. (read timeout=1)"
Wreckno,2/23/2024,The Showbox,Music,Downtown,https://visitseattle.org/events/wreckno/,47.6085136,-122.3394726,Weather forecast not found for specific date
Kelly Akashi,Now through 2/24/2024,Henry Art Gallery,Museums,University District,https://visitseattle.org/events/kelly-akashi/,47.6565246,-122.31173279895636,Weather forecast not found for specific date
The Lower Depths,2/6/2024 through 2/24/2024,Erickson Theatre,Theatre,Capitol Hill / Central District,https://visitseattle.org/events/the-lower-depths/,47.61467195,-122.3217419,Weather forecast not found for specific date
Dan Brown Wild Symphony,2/24/2024,Benaroya Hall,Music,Downtown,https://visitseattle.org/events/dan-brown-wild-symphony/,47.60811665,-122.33697040702705,Weather forecast not found for specific date
Pink Sweat$,2/24/2024,The Showbox,Music,Downtown,https://visitseattle.org/events/pink-sweat/,47.6085136,-122.3394726,Weather forecast not found for specific date
Seattle Kraken vs. Minnesota Wild,2/24/2024,Climate Pledge Arena,Sports,Queen Anne / Seattle Center,https://visitseattle.org/events/seattle-kraken-vs-minnesota-wild-2/,47.6219014,-122.353990491486,Weather forecast not found for specific date
Small Island Big Song,2/24/2024,Meany Center for the Performing Arts,Music,University District,https://visitseattle.org/events/small-island-big-song/,N/A,N/A,N/A
Born With Teeth,2/1/2024 through 2/25/2024,ArtsWest Playhouse and Gallery,Theatre,West Seattle,https://visitseattle.org/events/born-with-teeth/,N/A,N/A,N/A
"Once More, Just For You",2/5/2024 through 2/25/2024,Seattle Public Theater,Theatre,Wallingford / Greenlake,https://visitseattle.org/events/once-more-just-for-you/,47.6821341,-122.3398325,Weather forecast not found for specific date
Wintergrass Music Festival,2/22/2024 through 2/25/2024,Hyatt Regency Bellevue,Festivals & Special Events,Bellevue / Eastside,https://visitseattle.org/events/wintergrass-music-festival/,47.618258,-122.20116,Weather forecast not found for specific date
Seattle Kraken vs. Boston Bruins,2/26/2024,Climate Pledge Arena,Sports,Queen Anne / Seattle Center,https://visitseattle.org/events/seattle-kraken-vs-boston-bruins/,47.6219014,-122.353990491486,Weather forecast not found for specific date
Hunt for Sleeping Giants | National Geographic Live,2/25/2024 through 2/27/2024,Benaroya Hall,Readings & Lectures,Downtown,https://visitseattle.org/events/hunt-for-sleeping-giants-national-geographic-live/,47.60811665,-122.33697040702705,Weather forecast not found for specific date
Playboi Carti,2/28/2024,Climate Pledge Arena,Music,Queen Anne / Seattle Center,https://visitseattle.org/events/playboi-carti/,47.6219014,-122.353990491486,Weather forecast not found for specific date
Winter Brilliance,Now through 2/29/2024,Chihuly Garden and Glass,Museums,Queen Anne / Seattle Center,https://visitseattle.org/events/winter-brilliance/,47.6205296,-122.35020712496446,Weather forecast not found for specific date
Seattle Museum Month,2/1/2024 through 2/29/2024,Downtown Seattle,Museums,Downtown,https://visitseattle.org/events/seattle-museum-month/,47.5989361,-122.3279543,Weather forecast not found for specific date
Seattle Kraken vs. Pittsburgh Penguins,2/29/2024,Climate Pledge Arena,Sports,Queen Anne / Seattle Center,https://visitseattle.org/events/seattle-kraken-vs-pittsburgh-penguins/,47.6219014,-122.353990491486,Weather forecast not found for specific date
The Human Family,2/29/2024,LANGSTON Seattle,Music,Capitol Hill / Central District,https://visitseattle.org/events/the-human-family-2/,47.6012977,-122.30982515103054,Weather forecast not found for specific date
Fall Out Boy,3/1/2024,Climate Pledge Arena,Readings & Lectures,Queen Anne / Seattle Center,https://visitseattle.org/events/fall-out-boy/,47.6219014,-122.353990491486,Weather forecast not found for specific date
Tacoma Stars vs. Harrisburg Heat,3/1/2024,accesso ShoWare Center,Sports,South,https://visitseattle.org/events/tacoma-stars-vs-harrisburg-heat/,47.38765995,-122.24000381780328,Weather forecast not found for specific date
Conrad Tao’s Playlist,3/1/2024 through 3/2/2024,Benaroya Hall,Music,Downtown,https://visitseattle.org/events/conrad-taos-playlist/,47.60811665,-122.33697040702705,Weather forecast not found for specific date
Seattle Kraken vs. Edmonton Oilers,3/2/2024,Climate Pledge Arena,Sports,Queen Anne / Seattle Center,https://visitseattle.org/events/seattle-kraken-vs-edmonton-oilers/,47.6219014,-122.353990491486,Weather forecast not found for specific date
Emerald City Comic Con,2/29/2024 through 3/3/2024,Seattle Convention Center,Festivals & Special Events,Downtown,https://visitseattle.org/events/emerald-city-comic-con/,47.61175385,-122.33156275066185,Weather forecast not found for specific date
Tacoma Stars vs. Harrisburg Heat,3/3/2024,accesso ShoWare Center,Music,South,https://visitseattle.org/events/tacoma-stars-vs-harrisburg-heat-2/,47.38765995,-122.24000381780328,Weather forecast not found for specific date
Calidore Quartet & Abeo Quartet,3/8/2024,415 Westlake,Music,Queen Anne / Seattle Center,https://visitseattle.org/events/calidore-quartet-abeo-quartet/,47.622554,-122.3386578,Weather forecast not found for specific date
Holding / Movement,3/8/2024,Benaroya Hall,Music,Downtown,https://visitseattle.org/events/holding-movement/,47.60811665,-122.33697040702705,Weather forecast not found for specific date
Seattle Kraken vs. Winnipeg Jets,3/8/2024,Climate Pledge Arena,Sports,Queen Anne / Seattle Center,https://visitseattle.org/events/seattle-kraken-vs-winnipeg-jets/,47.6219014,-122.353990491486,Weather forecast not found for specific date
X:The Life and Times of Malcolm X,2/24/2024 through 3/9/2024,Marion Oliver McCaw Hall,Music,Queen Anne / Seattle Center,https://visitseattle.org/events/xthe-life-and-times-of-malcolm-x/,47.62397705,-122.35038850536958,Weather forecast not found for specific date
Bach St. John Passion,3/7/2024 through 3/9/2024,Benaroya Hall,Music,Downtown,https://visitseattle.org/events/bach-st-john-passion/,47.60811665,-122.33697040702705,Weather forecast not found for specific date
Helene Grimaud,3/9/2024,Meany Center for the Performing Arts,Music,University District,https://visitseattle.org/events/helene-grimaud/,N/A,N/A,N/A
Positive Fragmentation,Now through 3/10/2024,Bellevue Arts Museum,Museums,Bellevue / Eastside,https://visitseattle.org/events/positive-fragmentation/,-21.266983,55.4113864,Weather API response code: 404
Antonio M. Gomez: LINEAJES,Now through 3/10/2024,Frye Art Museum,Museums,Capitol Hill / Central District,https://visitseattle.org/events/antonio-m-gomez-lineajes/,47.60719095,-122.32405377084555,Weather forecast not found for specific date
Soren Solkaer: Sort Sol,Now through 3/10/2024,National Nordic Museum,Museums,Fremont / Ballard,https://visitseattle.org/events/soren-solkaer-sort-sol/,47.6683615,-122.39177949359151,Weather forecast not found for specific date
Luchadora!,2/22/2024 through 3/10/2024,Seattle Children's Theatre,Theatre,Queen Anne / Seattle Center,https://visitseattle.org/events/luchadora/,47.6204553,-122.35225726215312,Weather forecast not found for specific date
Wild Cats Revealed | National Geographic Live,3/10/2024 through 3/12/2024,Benaroya Hall,Readings & Lectures,Downtown,https://visitseattle.org/events/wild-cats-revealed-national-geographic-live/,47.60811665,-122.33697040702705,Weather forecast not found for specific date
Seattle Kraken vs. Vegas Golden Knights,3/12/2024,Climate Pledge Arena,Sports,Queen Anne / Seattle Center,https://visitseattle.org/events/seattle-kraken-vs-vegas-golden-knights/,47.6219014,-122.353990491486,Weather forecast not found for specific date
Seattle Kraken vs. Washington Capitals,3/14/2024,Climate Pledge Arena,Sports,Queen Anne / Seattle Center,https://visitseattle.org/events/seattle-kraken-vs-washington-capitals/,47.6219014,-122.353990491486,Weather forecast not found for specific date
Mark Morris Dance Group: The Look of Love,3/14/2024 through 3/16/2024,Meany Center for the Performing Arts,Music,University District,https://visitseattle.org/events/mark-morris-dance-group-the-look-of-love/,N/A,N/A,N/A
Sibelius & Nielsen,3/14/2024 through 3/16/2024,Benaroya Hall,Music,Downtown,https://visitseattle.org/events/sibelius-nielsen/,47.60811665,-122.33697040702705,Weather forecast not found for specific date
Tacoma Stars vs. Chihuahua Savage,3/15/2024 through 3/16/2024,accesso ShoWare Center,Sports,South,https://visitseattle.org/events/tacoma-stars-vs-chihuahua-savage/,47.38765995,-122.24000381780328,Weather forecast not found for specific date
Seattle Kraken vs. Nashville Predators,3/16/2024,Climate Pledge Arena,Sports,Queen Anne / Seattle Center,https://visitseattle.org/events/seattle-kraken-vs-nashville-predators/,47.6219014,-122.353990491486,Weather forecast not found for specific date
Native Portraiture: Power and Perception,Now through 3/17/2024,Tacoma Art Museum,Museums,South,https://visitseattle.org/events/native-portraiture-power-and-perception/,47.2475134,-122.43680521780016,Weather forecast not found for specific date
Places to Call Home: Settlements in the West,Now through 3/17/2024,Tacoma Art Museum,Museums,South,https://visitseattle.org/events/places-to-call-home-settlements-in-the-west/,47.2475134,-122.43680521780016,Weather forecast not found for specific date
Nobody Lives Here,Now through 3/17/2024,Wing Luke Museum,Museums,International District,https://visitseattle.org/events/nobody-lives-here/,47.5982461,-122.3228705,Weather forecast not found for specific date
Rootabaga Country,3/8/2024 through 3/17/2024,Opera Center,Music,Queen Anne / Seattle Center,https://visitseattle.org/events/rootabaga-country/,44.43358325,26.079138268508792,Weather API response code: 404
Seattle Kraken vs. Buffalo Sabres,3/18/2024,Climate Pledge Arena,Sports,Queen Anne / Seattle Center,https://visitseattle.org/events/seattle-kraken-vs-buffalo-sabres/,47.6219014,-122.353990491486,Weather forecast not found for specific date
Tacoma Stars vs. Empire Strykers,3/23/2024,accesso ShoWare Center,Sports,South,https://visitseattle.org/events/tacoma-stars-vs-empire-strykers-2/,47.38765995,-122.24000381780328,Weather forecast not found for specific date
Something’s Afoot,3/1/2024 through 3/24/2024,The 5th Avenue Theatre,Theatre,Downtown,https://visitseattle.org/events/somethings-afoot/,39.7329068,-75.1300389,Weather forecast not found for specific date
One Thousand Pieces,3/15/2024 through 3/24/2024,Marion Oliver McCaw Hall,Dance,Queen Anne / Seattle Center,https://visitseattle.org/events/one-thousand-pieces/,47.62397705,-122.35038850536958,Weather forecast not found for specific date
Simon Trpceski Plays Tchaikovsky,3/21/2024 through 3/24/2024,Benaroya Hall,Music,Downtown,https://visitseattle.org/events/simon-trpceski-plays-tchaikovsky/,47.60811665,-122.33697040702705,Weather forecast not found for specific date
Seattle Kraken vs. Montreal Canadiens,3/24/2024,Climate Pledge Arena,Sports,Queen Anne / Seattle Center,https://visitseattle.org/events/seattle-kraken-vs-montreal-canadiens/,47.6219014,-122.353990491486,Weather forecast not found for specific date
Seattle Kraken vs. Anaheim Ducks,3/26/2024,Climate Pledge Arena,Sports,Queen Anne / Seattle Center,https://visitseattle.org/events/seattle-kraken-vs-anaheim-ducks/,47.6219014,-122.353990491486,Weather forecast not found for specific date
Seattle Kraken vs. Anaheim Ducks,3/28/2024,Climate Pledge Arena,Sports,Queen Anne / Seattle Center,https://visitseattle.org/events/seattle-kraken-vs-anaheim-ducks-2/,47.6219014,-122.353990491486,Weather forecast not found for specific date
Tim McGraw,3/29/2024,Climate Pledge Arena,Music,Queen Anne / Seattle Center,https://visitseattle.org/events/tim-mcgraw/,47.6219014,-122.353990491486,Weather forecast not found for specific date
Harold and the Purple Crayon,3/23/2024 through 3/30/2024,Marion Oliver McCaw Hall,Dance,Queen Anne / Seattle Center,https://visitseattle.org/events/harold-and-the-purple-crayon/,47.62397705,-122.35038850536958,Weather forecast not found for specific date
Seattle Kraken vs. Dallas Stars,3/30/2024,Climate Pledge Arena,Sports,Queen Anne / Seattle Center,https://visitseattle.org/events/seattle-kraken-vs-dallas-stars/,47.6219014,-122.353990491486,Weather forecast not found for specific date
Illuminate: Glass Art for Early Learners,Now through 3/31/2024,Museum of Glass,Museums,South,https://visitseattle.org/events/illuminate-glass-art-for-early-learners/,47.24582405,-122.43381971536058,Weather forecast not found for specific date
Al Young’s 1970 Dodge Challenger Drag Racer,Now through 3/31/2024,Museum of History & Industry,Museums,Queen Anne / Seattle Center,https://visitseattle.org/events/al-youngs-1970-dodge-challenger-drag-racer/,47.6275114,-122.3367506,Weather forecast not found for specific date
Sanctuary City,3/1/2024 through 3/31/2024,Seattle Rep,Theatre,Queen Anne / Seattle Center,https://visitseattle.org/events/sanctuary-city/,47.6145597,-122.3285576,Weather forecast not found for specific date
Stew,3/15/2024 through 3/31/2024,ACT Theatre,Theatre,Downtown,https://visitseattle.org/events/stew/,47.6108495,-122.3323262,Weather forecast not found for specific date
Luis Miguel,4/4/2024,Climate Pledge Arena,Music,Queen Anne / Seattle Center,https://visitseattle.org/events/luis-miguel/,47.6219014,-122.353990491486,Weather forecast not found for specific date
Taylor Raven and Duke Kim in Recital,4/4/2024,Opera Center,Music,Queen Anne / Seattle Center,https://visitseattle.org/events/taylor-raven-and-duke-kim-in-recital/,44.43358325,26.079138268508792,Weather API response code: 404
Copland Appalachian Spring,4/4/2024 through 4/6/2024,Benaroya Hall,Music,Downtown,https://visitseattle.org/events/copland-appalachian-spring/,47.60811665,-122.33697040702705,Weather forecast not found for specific date
La Vaughn Belle: A History of Unruly Returns,Now through 4/7/2024,National Nordic Museum,Museums,Fremont / Ballard,https://visitseattle.org/events/la-vaughn-belle-a-history-of-unruly-returns/,47.6683615,-122.39177949359151,Weather forecast not found for specific date
Beetlejuice,4/2/2024 through 4/7/2024,The Paramount Theatre,Theatre,Downtown,https://visitseattle.org/events/beetlejuice/,40.8697559,-73.42561952873208,Weather forecast not found for specific date
Seattle Kraken vs. Arizona Coyotes,4/9/2024,Climate Pledge Arena,Sports,Queen Anne / Seattle Center,https://visitseattle.org/events/seattle-kraken-vs-arizona-coyotes/,47.6219014,-122.353990491486,Weather forecast not found for specific date
Seattle Kraken vs. San Jose Sharks,4/11/2024,Climate Pledge Arena,Sports,Queen Anne / Seattle Center,https://visitseattle.org/events/seattle-kraken-vs-san-jose-sharks/,47.6219014,-122.353990491486,Weather forecast not found for specific date
The Percussion: Sounds from Home,4/12/2024 through 4/13/2024,Benaroya Hall,Music,Downtown,https://visitseattle.org/events/the-percussion-sounds-from-home/,47.60811665,-122.33697040702705,Weather forecast not found for specific date
Honoring 50 Years of Papunya Tula Painting,Now through 4/14/2024,Seattle Art Museum,Museums,Downtown,https://visitseattle.org/events/honoring-50-years-of-papunya-tula-painting/,47.6077008,-122.3385575,Weather forecast not found for specific date
The Moors,3/22/2024 through 4/14/2024,Seattle Public Theater,Theatre,Wallingford / Greenlake,https://visitseattle.org/events/the-moors/,47.6821341,-122.3398325,Weather forecast not found for specific date
Mahler Symphony No. 3,4/11/2024 through 4/14/2024,Benaroya Hall,Music,Downtown,https://visitseattle.org/events/mahler-symphony-no-3/,47.60811665,-122.33697040702705,Weather forecast not found for specific date
Best of the Northwest Spring Show,4/13/2024 through 4/14/2024,Magnuson Park,Festivals & Special Events,University District,https://visitseattle.org/events/best-of-the-northwest-spring-show/,47.6819164,-122.25462087672659,Weather forecast not found for specific date
An Evening with Jinjoo Cho,4/19/2024,415 Westlake,Music,Queen Anne / Seattle Center,https://visitseattle.org/events/an-evening-with-jinjoo-cho/,47.622554,-122.3386578,Weather forecast not found for specific date
Dvorak Symphony No. 6,4/18/2024 through 4/20/2024,Benaroya Hall,Music,Downtown,https://visitseattle.org/events/dvorak-symphony-no-6/,47.60811665,-122.33697040702705,Weather forecast not found for specific date
The Seasons’ Canon,4/12/2024 through 4/21/2024,Marion Oliver McCaw Hall,Dance,Queen Anne / Seattle Center,https://visitseattle.org/events/the-seasons-canon/,47.62397705,-122.35038850536958,Weather forecast not found for specific date
DRUM TAO 30th Anniversary,4/22/2024,Benaroya Hall,Music,Downtown,https://visitseattle.org/events/drum-tao-30th-anniversary/,47.60811665,-122.33697040702705,Weather forecast not found for specific date
Disney’s Aladdin,4/24/2024 through 4/28/2024,The Paramount Theatre,Theatre,Downtown,https://visitseattle.org/events/disneys-aladdin/,40.8697559,-73.42561952873208,Weather forecast not found for specific date
Antarctic Symphony,4/25/2024 through 4/28/2024,Benaroya Hall,Music,Downtown,https://visitseattle.org/events/antarctic-symphony/,47.60811665,-122.33697040702705,Weather forecast not found for specific date
Shine On Seattle,1/30/2024 through 4/29/2024,Pioneer Square,Festivals & Special Events,Pioneer Square,https://visitseattle.org/events/shine-on-seattle/,45.5189007,-122.67929660431365,Weather forecast not found for specific date
Noah Geller’s Playlist,5/3/2024 through 5/4/2024,Benaroya Hall,Music,Downtown,https://visitseattle.org/events/noah-gellers-playlist/,47.60811665,-122.33697040702705,Weather forecast not found for specific date
Broadway Spectacular,5/4/2024,Cornish Playhouse at Seattle Center,Music,Queen Anne / Seattle Center,https://visitseattle.org/events/broadway-spectacular/,N/A,N/A,N/A
Jessica Jackson Hutchins: Wrecked and Righteous,1/27/2024 through 5/5/2024,Frye Art Museum,Museums,Capitol Hill / Central District,https://visitseattle.org/events/jessica-jackson-hutchins-wrecked-and-righteous/,47.60719095,-122.32405377084555,Weather forecast not found for specific date
The Lion Tells His Tale,5/1/2024 through 5/5/2024,Broadway Performance Hall,Theatre,Capitol Hill / Central District,https://visitseattle.org/events/the-lion-tells-his-tale/,47.6158151,-122.32186077039998,Weather forecast not found for specific date
"Guma’ Gela:  Part Land, Part Sea, All Ancestry",Now through 5/12/2024,Wing Luke Museum,Museums,International District,https://visitseattle.org/events/guma-gela-part-land-part-sea-all-ancestry/,47.5982461,-122.3228705,Weather forecast not found for specific date
Fat Ham,4/12/2024 through 5/12/2024,Seattle Rep,Theatre,Queen Anne / Seattle Center,https://visitseattle.org/events/fat-ham/,47.6145597,-122.3285576,Weather forecast not found for specific date
A Tale of Peter Rabbit,4/25/2024 through 5/12/2024,Seattle Children's Theatre,Theatre,Queen Anne / Seattle Center,https://visitseattle.org/events/a-tale-of-peter-rabbit/,47.6204553,-122.35225726215312,Weather forecast not found for specific date
The Lehman Trilogy,4/26/2024 through 5/12/2024,ACT Theatre,Theatre,Downtown,https://visitseattle.org/events/the-lehman-trilogy/,47.6108495,-122.3323262,Weather forecast not found for specific date
The Untold Story of Sharks | National Geographic Live,5/12/2024 through 5/14/2024,Benaroya Hall,Readings & Lectures,Downtown,https://visitseattle.org/events/the-untold-story-of-sharks-national-geographic-live/,47.60811665,-122.33697040702705,Weather forecast not found for specific date
Mother,5/17/2024,415 Westlake,Music,Queen Anne / Seattle Center,https://visitseattle.org/events/mother/,47.622554,-122.3386578,Weather forecast not found for specific date
Barber Violin Concerto,5/16/2024 through 5/18/2024,Benaroya Hall,Music,Downtown,https://visitseattle.org/events/barber-violin-concerto/,47.60811665,-122.33697040702705,Weather forecast not found for specific date
The Barber of Seville,5/4/2024 through 5/24/2024,Marion Oliver McCaw Hall,Music,Queen Anne / Seattle Center,https://visitseattle.org/events/the-barber-of-seville/,47.62397705,-122.35038850536958,Weather forecast not found for specific date
Unriveled,5/10/2024 through 6/2/2024,Seattle Public Theater,Theatre,Wallingford / Greenlake,https://visitseattle.org/events/unriveled/,47.6821341,-122.3398325,Weather forecast not found for specific date
George Balenchine’s Coppelia,5/31/2024 through 6/9/2024,Marion Oliver McCaw Hall,Dance,Queen Anne / Seattle Center,https://visitseattle.org/events/george-balenchines-coppelia/,47.62397705,-122.35038850536958,Weather forecast not found for specific date
Jan Lisiecki Plays Prokofiev,6/6/2024 through 6/9/2024,Benaroya Hall,Music,Downtown,https://visitseattle.org/events/jan-lisiecki-plays-prokofiev/,47.60811665,-122.33697040702705,Weather forecast not found for specific date
Beethoven Symphony No. 5,6/13/2024 through 6/15/2024,Benaroya Hall,Music,Downtown,https://visitseattle.org/events/beethoven-symphony-no-5/,47.60811665,-122.33697040702705,Weather forecast not found for specific date
Elizabeth Malaska: All Be Your Mirror,Now through 6/16/2024,Seattle Art Museum,Museums,Downtown,https://visitseattle.org/events/elizabeth-malaska-all-be-your-mirror/,47.6077008,-122.3385575,Weather forecast not found for specific date
Joshua Bell Plays Elements Concerto,6/20/2024 through 6/22/2024,Benaroya Hall,Music,Downtown,https://visitseattle.org/events/joshua-bell-plays-elements-concerto/,47.60811665,-122.33697040702705,Weather forecast not found for specific date
"Together Again, Again!",5/31/2024 through 6/23/2024,Seattle Rep,Theatre,Queen Anne / Seattle Center,https://visitseattle.org/events/together-again-again/,47.6145597,-122.3285576,Weather forecast not found for specific date
Lip Sync for Our Rights,6/22/2024 through 6/23/2024,Marion Oliver McCaw Hall,Music,Queen Anne / Seattle Center,https://visitseattle.org/events/lip-sync-for-our-rights/,47.62397705,-122.35038850536958,Weather forecast not found for specific date
Company,6/23/2024 through 6/28/2024,The Paramount Theatre,Music,Downtown,https://visitseattle.org/events/company/,40.8697559,-73.42561952873208,Weather forecast not found for specific date
2024 University of Washington MFA + MDes Thesis Exhibition,5/24/2024 through 6/30/2024,Henry Art Gallery,Museums,University District,https://visitseattle.org/events/2024-university-of-washington-mfa-mdes-thesis-exhibition/,47.6565246,-122.31173279895636,Weather forecast not found for specific date
Spring Awakening,6/7/2024 through 6/30/2024,The 5th Avenue Theatre,Theatre,Downtown,https://visitseattle.org/events/spring-awakening/,39.7329068,-75.1300389,Weather forecast not found for specific date
Girl From The North Country,6/25/2024 through 6/30/2024,The Paramount Theatre,Music,Downtown,https://visitseattle.org/events/girl-from-the-north-country/,40.8697559,-73.42561952873208,Weather forecast not found for specific date
Nordic Utopia: African Americans in the 20th Century,3/22/2024 through 7/21/2024,National Nordic Museum,Museums,Fremont / Ballard,https://visitseattle.org/events/nordic-utopia-african-americans-in-the-20th-century/,47.6683615,-122.39177949359151,Weather forecast not found for specific date
Clue,7/9/2024 through 7/21/2024,The 5th Avenue Theatre,Theatre,Downtown,https://visitseattle.org/events/clue/,39.7329068,-75.1300389,Weather forecast not found for specific date
"Be Water, My Friend: The Teachings Of Bruce Lee",Now through 7/28/2024,Wing Luke Museum,Museums,International District,https://visitseattle.org/events/be-water-my-friend-the-teachings-of-bruce-lee/,47.5982461,-122.3228705,Weather forecast not found for specific date
Olivia Rodrigo,8/6/2024 through 8/7/2024,Climate Pledge Arena,Music,Queen Anne / Seattle Center,https://visitseattle.org/events/olivia-rodrigo/,47.6219014,-122.353990491486,Weather forecast not found for specific date
Hidden Worlds: The Films of LAIKA,Now through 8/31/2024,MoPOP Museum of Pop Culture,Museums,Queen Anne / Seattle Center,https://visitseattle.org/events/hidden-worlds-the-films-of-laika/,47.621493099999995,-122.34822527405619,Weather forecast not found for specific date
Sound Check! The Music We Make,Now through 9/14/2024,Wing Luke Museum,Museums,International District,https://visitseattle.org/events/sound-check-the-music-we-make/,47.5982461,-122.3228705,Weather forecast not found for specific date
Raul de Nieves,Now through 9/30/2024,Henry Art Gallery,Museums,University District,https://visitseattle.org/events/raul-de-nieves/,47.6565246,-122.31173279895636,Weather forecast not found for specific date
Frye Salon,Now through 10/27/2024,Frye Art Museum,Museums,Capitol Hill / Central District,https://visitseattle.org/events/frye-salon/,47.60719095,-122.32405377084555,Weather forecast not found for specific date
On Native Land: Landscapes from the Haub Family Collection,Now through 11/17/2024,Tacoma Art Museum,Museums,South,https://visitseattle.org/events/on-native-land-landscapes-from-the-haub-family-collection/,47.2475134,-122.43680521780016,Weather forecast not found for specific date
Washi Transformed New Expressions in Japanese Paper,2/2/2024 through 4/26/2026,Bellevue Arts Museum,Museums,Bellevue / Eastside,https://visitseattle.org/events/washi-transformed-new-expressions-in-japanese-paper/,-21.266983,55.4113864,Weather API response code: 404
Explore The Market,Ongoing,Pike Place Market,Festivals & Special Events,Downtown,https://visitseattle.org/events/explore-the-market/,47.60939675,-122.34141017673986,Chance Light Rain
Olympic Sculpture Park,Ongoing,Olympic Sculpture Park,Visual Arts & Galleries,Downtown,https://visitseattle.org/events/olympic-sculpture-park/,47.6162378,-122.35431328817567,Chance Light Rain
Infinite Worlds of Science Fiction,Ongoing,MoPOP Museum of Pop Culture,Museums,Queen Anne / Seattle Center,https://visitseattle.org/events/infinite-worlds-of-science-fiction/,47.621493099999995,-122.34822527405619,Chance Light Rain
"Wild Blue Angel: Hendrix Abroad, 1966-70",Ongoing,MoPOP Museum of Pop Culture,Museums,Queen Anne / Seattle Center,https://visitseattle.org/events/wild-blue-angel-hendrix-abroad-1966-70/,47.621493099999995,-122.34822527405619,Chance Light Rain
John Grade: Middle Fork,Ongoing,Seattle Art Museum,Museums,Downtown,https://visitseattle.org/events/john-grade-middle-fork/,47.6077008,-122.3385575,Chance Light Rain
Scared to Death: The Thrill of Horror Film,Ongoing,MoPOP Museum of Pop Culture,Museums,Queen Anne / Seattle Center,https://visitseattle.org/events/scared-to-death-the-thrill-of-horror-film/,47.621493099999995,-122.34822527405619,Chance Light Rain
Nirvana: Taking Punk To the Masses,Ongoing,MoPOP Museum of Pop Culture,Museums,Queen Anne / Seattle Center,https://visitseattle.org/events/nirvana-taking-punk-to-the-masses/,47.621493099999995,-122.34822527405619,Chance Light Rain
Vietnam Divided: War Above Southeast Asia,Ongoing,The Museum of Flight,Museums,South Seattle,https://visitseattle.org/events/vietnam-divided-war-above-southeast-asia/,32.70030575,-94.94716355,Patchy Fog
Science Fiction and Fantasy Hall of Fame,Ongoing,MoPOP Museum of Pop Culture,Museums,Queen Anne / Seattle Center,https://visitseattle.org/events/science-fiction-and-fantasy-hall-of-fame/,47.621493099999995,-122.34822527405619,Chance Light Rain
Cambodian Cultural Museum and Killing Fields Memorial,Ongoing,Wing Luke Museum,Museums,International District,https://visitseattle.org/events/cambodian-cultural-museum-and-killing-fields-memorial/,47.5982461,-122.3228705,Chance Light Rain
Honoring Our Journey,Ongoing,Wing Luke Museum,Museums,International District,https://visitseattle.org/events/honoring-our-journey/,47.5982461,-122.3228705,Chance Light Rain
Spotlight on Dale Chihuly: Works from Museum of Glass Permanent Collection,Ongoing,Museum of Glass,Museums,South,https://visitseattle.org/events/spotlight-on-dale-chihuly-works-from-museum-of-glass-permanent-collection/,47.24582405,-122.43381971536058,Chance Light Rain
Great Hall of Washington History,Ongoing,Washington State History Museum,Museums,South,https://visitseattle.org/events/great-hall-of-washington-history/,47.2447212,-122.43608807502436,Chance Light Rain
Humboldt Penguin Exhibit,Ongoing,Woodland Park Zoo,Museums,Wallingford / Greenlake,https://visitseattle.org/events/humboldt-penguin-exhibit/,47.669143399999996,-122.35096188536495,Chance Light Rain
Giant Pacific Octopus,Ongoing,Seattle Aquarium,Museums,Downtown,https://visitseattle.org/events/giant-pacific-octopus/,47.60762475,-122.34322017076866,Chance Light Rain
Meet our Marine Mammals,Ongoing,Seattle Aquarium,Museums,Downtown,https://visitseattle.org/events/meet-our-marine-mammals/,47.60762475,-122.34322017076866,Chance Light Rain
Window on Washington Waters,Ongoing,Seattle Aquarium,Museums,Downtown,https://visitseattle.org/events/window-on-washington-waters/,47.60762475,-122.34322017076866,Chance Light Rain
Guitar Gallery,Ongoing,MoPOP Museum of Pop Culture,Museums,Queen Anne / Seattle Center,https://visitseattle.org/events/guitar-gallery/,47.621493099999995,-122.34822527405619,Chance Light Rain
Nordic Journeys,Ongoing,National Nordic Museum,Museums,Fremont / Ballard,https://visitseattle.org/events/nordic-journeys/,47.6683615,-122.39177949359151,Chance Light Rain
Baird’s beaked whale,Ongoing,Burke Museum,Museums,University District,https://visitseattle.org/events/bairds-beaked-whale/,47.6605211,-122.31156049949824,Chance Light Rain
Amazing Life,Ongoing,Burke Museum,Museums,University District,https://visitseattle.org/events/amazing-life/,47.6605211,-122.31156049949824,Chance Light Rain
Culture is Living,Ongoing,Burke Museum,Museums,University District,https://visitseattle.org/events/culture-is-living/,47.6605211,-122.31156049949824,Chance Light Rain
Fossils Uncovered,Ongoing,Burke Museum,Museums,University District,https://visitseattle.org/events/fossils-uncovered/,47.6605211,-122.31156049949824,Chance Light Rain
Northwest Native Art,Ongoing,Burke Museum,Museums,University District,https://visitseattle.org/events/northwest-native-art/,47.6605211,-122.31156049949824,Chance Light Rain
Our Material World,Ongoing,Burke Museum,Museums,University District,https://visitseattle.org/events/our-material-world/,47.6605211,-122.31156049949824,Chance Light Rain
Apollo,Ongoing,The Museum of Flight,Museums,South Seattle,https://visitseattle.org/events/apollo/,32.70030575,-94.94716355,Patchy Fog
Art and Life Along the Northwest Coast,Ongoing,Seattle Art Museum,Museums,Downtown,https://visitseattle.org/events/art-and-life-along-the-northwest-coast/,47.6077008,-122.3385575,Chance Light Rain
Washington: My Home,Ongoing,Washington State History Museum,Museums,South,https://visitseattle.org/events/washington-my-home/,47.2447212,-122.43608807502436,Chance Light Rain
Sensory-Friendly Programs,Ongoing,MoPOP Museum of Pop Culture,Festivals & Special Events,Queen Anne / Seattle Center,https://visitseattle.org/events/sensory-friendly-programs/,47.621493099999995,-122.34822527405619,Chance Light Rain
Dale Chihuly at Tacoma Art Museum,Ongoing,Tacoma Art Museum,Museums,South,https://visitseattle.org/events/dale-chihuly-at-tacoma-art-museum/,47.2475134,-122.43680521780016,Chance Light Rain
Be/longing: Contemporary Asian Art,Ongoing,Seattle Asian Art Museum,Museums,Capitol Hill / Central District,https://visitseattle.org/events/be-longing-contemporary-asian-art/,47.63029565,-122.31413540328062,Chance Light Rain
Porcelain Room,Ongoing,Seattle Art Museum,Museums,Downtown,https://visitseattle.org/events/porcelain-room/,47.6077008,-122.3385575,Chance Light Rain
Life on the Edge,Ongoing,Seattle Aquarium,Museums,Downtown,https://visitseattle.org/events/life-on-the-edge/,47.60762475,-122.34322017076866,Chance Light Rain
Tropical Pacific,Ongoing,Seattle Aquarium,Museums,Downtown,https://visitseattle.org/events/tropical-pacific/,47.60762475,-122.34322017076866,Chance Light Rain
Underwater Dome,Ongoing,Seattle Aquarium,Museums,Downtown,https://visitseattle.org/events/underwater-dome/,47.60762475,-122.34322017076866,Chance Light Rain
Meet the Animals,Ongoing,Woodland Park Zoo,Museums,Wallingford / Greenlake,https://visitseattle.org/events/meet-the-animals/,47.669143399999996,-122.35096188536495,Chance Light Rain
Chihuly Garden and Glass,Ongoing,Chihuly Garden and Glass,Museums,Queen Anne / Seattle Center,https://visitseattle.org/events/chihuly-garden-and-glass/,47.6205296,-122.35020712496446,Chance Light Rain
Discover Ancient Coast Salish Culture,Ongoing,Hibulb Cultural Center,Museums,North,https://visitseattle.org/events/discover-ancient-coast-salish-culture/,48.05373125,-122.20152426611563,Chance Light Rain
Savor Seattle Signature Tour: Pike Place Market,Ongoing,Pike Place Market,Tours & Attractions,Downtown,https://visitseattle.org/events/savor-seattle-signature-tour-pike-place-market/,47.60939675,-122.34141017673986,Chance Light Rain
Untold Stories: World War II at 75,Ongoing,The Museum of Flight,Museums,South Seattle,https://visitseattle.org/events/untold-stories-world-war-ii-at-75/,32.70030575,-94.94716355,Patchy Fog
Bezos Center for Innovation,Ongoing,Museum of History & Industry,Museums,Queen Anne / Seattle Center,https://visitseattle.org/events/bezos-center-for-innovation/,47.6275114,-122.3367506,Chance Light Rain
Maritime Seattle,Ongoing,Museum of History & Industry,Museums,Queen Anne / Seattle Center,https://visitseattle.org/events/maritime-seattle/,47.6275114,-122.3367506,Chance Light Rain
True Northwest: The Seattle Journey,Ongoing,Museum of History & Industry,Museums,Queen Anne / Seattle Center,https://visitseattle.org/events/true-northwest-the-seattle-journey/,47.6275114,-122.3367506,Chance Light Rain
Metaphor into Form: Art in the Era of the Pilchuck Glass School,Ongoing,Tacoma Art Museum,Museums,South,https://visitseattle.org/events/metaphor-into-form-art-in-the-era-of-the-pilchuck-glass-school/,47.2475134,-122.43680521780016,Chance Light Rain
Winter in the West,Ongoing,Tacoma Art Museum,Museums,South,https://visitseattle.org/events/winter-in-the-west/,47.2475134,-122.43680521780016,Chance Light Rain
Ballard Farmers Market – Sunday,Ongoing,Ballard Farmers Market,Festivals & Special Events,Fremont / Ballard,https://visitseattle.org/events/ballard-farmers-market-sunday/,N/A,N/A,N/A
Capitol Hill Farmers Market – Sunday,Ongoing,Capitol Hill Farmers Market,Festivals & Special Events,Capitol Hill / Central District,https://visitseattle.org/events/capitol-hill-farmers-market-sunday/,47.618892450000004,-122.32016705491071,Chance Light Rain
University District Farmers Market,Ongoing,University District Farmers Market,Festivals & Special Events,University District,https://visitseattle.org/events/university-district-farmers-market/,47.665682950000004,-122.3130697496926,Chance Light Rain
Fremont Sunday Market,Ongoing,Fremont Farmers Market,Festivals & Special Events,Fremont / Ballard,https://visitseattle.org/events/fremont-sunday-market/,47.6637543,-122.3330234,Chance Light Rain
Chihuly Garden and Glass Gallery Talks & Tours,Ongoing,Chihuly Garden and Glass,Tours & Attractions,Queen Anne / Seattle Center,https://visitseattle.org/events/chihuly-garden-and-glass-gallery-talks-tours/,47.6205296,-122.35020712496446,Chance Light Rain
Boundless: Stories of Asian Art,Ongoing,Seattle Asian Art Museum,Museums,Capitol Hill / Central District,https://visitseattle.org/events/boundless-stories-of-asian-art/,47.63029565,-122.31413540328062,Chance Light Rain
Kenzan Tsutakawa-Chinn: Gather,Ongoing,Seattle Asian Art Museum,Museums,Capitol Hill / Central District,https://visitseattle.org/events/kenzan-tsutakawa-chinn-gather/,47.63029565,-122.31413540328062,Chance Light Rain
Art Walk Edmonds | Every Third Thursday,Ongoing,Cascadia Art Museum,Visual Arts & Galleries,North,https://visitseattle.org/events/art-walk-edmonds-every-third-thursday/,47.8104565,-122.3839448,Chance Light Rain
Rise Up: Stonewall and the LGBTQ Rights Movement,Ongoing,MoPOP Museum of Pop Culture,Museums,Queen Anne / Seattle Center,https://visitseattle.org/events/rise-up-stonewall-and-the-lgbtq-rights-movement/,47.621493099999995,-122.34822527405619,Chance Light Rain
Show Me Seattle Tours,Ongoing,"Seattle, WA",Tours & Attractions,Downtown,https://visitseattle.org/events/show-me-seattle-tours/,47.6038321,-122.330062,Chance Light Rain
LeMay – America’s Car Museum,Ongoing,LeMay - America's Car Museum,Museums,South,https://visitseattle.org/events/lemay-americas-car-museum/,47.2362108,-122.43044382406997,Chance Light Rain
History Link Tours,Ongoing,"Seattle, WA",Tours & Attractions,Downtown,https://visitseattle.org/events/history-link-tours/,47.6038321,-122.330062,Chance Light Rain
West Seattle Farmers Market – Sundays,Ongoing,West Seattle Farmers Market,Festivals & Special Events,West Seattle,https://visitseattle.org/events/west-seattle-farmers-market-sundays/,47.5620654,-122.3869194,Chance Light Rain
REMEMBRANCE: The Legacy of Executive Order 9066 in Washington State,Ongoing,Washington State History Museum,Museums,South,https://visitseattle.org/events/remembrance-the-legacy-of-executive-order-9066-in-washington-state/,47.2447212,-122.43608807502436,Chance Light Rain
Pioneer Square First Thursday Art Walk,Ongoing,Pioneer Square,Visual Arts & Galleries,Pioneer Square,https://visitseattle.org/events/pioneer-square-first-thursday-art-walk/,45.5189007,-122.67929660431365,Chance Rain Showers
Deities and Demons: Supernatural in Japanese Art,Ongoing,Seattle Art Museum,Museums,Downtown,https://visitseattle.org/events/deities-and-demons-supernatural-in-japanese-art/,47.6077008,-122.3385575,Chance Light Rain
American Art: The Stories We Carry,Ongoing,Seattle Art Museum,Museums,Downtown,https://visitseattle.org/events/american-art-the-stories-we-carry/,47.6077008,-122.3385575,Chance Light Rain
Pacific Species,Ongoing,Seattle Art Museum,Museums,Downtown,https://visitseattle.org/events/pacific-species/,47.6077008,-122.3385575,Chance Light Rain
Reverberations: Contemporary Art and Modern Classics,Ongoing,Seattle Art Museum,Museums,Downtown,https://visitseattle.org/events/reverberations-contemporary-art-and-modern-classics/,47.6077008,-122.3385575,Chance Light Rain
75 Years of Porsche,Ongoing,LeMay - America's Car Museum,Museums,South,https://visitseattle.org/events/75-years-of-porsche/,47.2362108,-122.43044382406997,Chance Light Rain
Manazma Sheen,Ongoing,Sea Monster Lounge,Music,Wallingford / Greenlake,https://visitseattle.org/events/manazma-sheen/,47.6615049,-122.332319,Chance Light Rain
